,strikeprice,liquidity,side
0,756.0,133.0,calls
1,757.0,70.0,calls
2,755.0,555.0,calls
3,758.0,26.0,calls
4,754.0,1.0,calls
5,759.0,3.0,calls
6,753.0,5.0,calls
7,760.0,715.0,calls
8,752.0,2.0,calls
9,761.0,17.0,calls
10,751.0,24.0,calls
11,762.0,15.0,calls
12,750.0,1717.0,calls
13,763.0,12.0,calls
14,749.0,1.0,calls
15,764.0,29.0,calls
16,748.0,28.68,calls
17,765.0,823.0,calls
18,747.0,1.0,calls
19,766.0,3.0,calls
20,746.0,2.0,calls
21,767.0,32.0,calls
22,745.0,1579.0,calls
23,768.0,6.0,calls
24,744.0,2.0,calls
25,769.0,25.0,calls
26,743.0,1.0,calls
27,770.0,629.0,calls
28,742.0,1.0,calls
29,771.0,17.0,calls
30,741.0,1.0,calls
31,772.0,10.0,calls
32,740.0,1961.0,calls
33,773.0,1.0,calls
34,739.0,1.0,calls
35,774.0,4.0,calls
36,738.0,1.0,calls
37,775.0,705.0,calls
38,737.0,2.0,calls
39,776.0,1.0,calls
40,736.0,3.0,calls
41,777.0,1.0,calls
42,735.0,435.0,calls
43,778.0,1.0,calls
44,734.0,1.0,calls
45,779.0,1.0,calls
46,733.0,1.0,calls
47,780.0,1082.0,calls
48,732.0,1.0,calls
49,781.0,5.0,calls
50,731.0,1.0,calls
51,782.0,1.0,calls
52,730.0,1138.0,calls
53,783.0,1.0,calls
54,729.0,1.0,calls
55,784.0,1.0,calls
56,728.0,5.0,calls
57,785.0,860.0,calls
58,727.0,3.0,calls
59,786.0,25.0,calls
60,726.0,1.0,calls
61,787.0,223.0,calls
62,725.0,2123.0,calls
63,788.0,27.0,calls
64,724.0,1.0,calls
65,789.0,19.0,calls
66,723.0,1.0,calls
67,790.0,269.0,calls
68,722.0,1.0,calls
69,791.0,160.0,calls
70,721.0,1.0,calls
71,792.0,10.0,calls
72,720.0,993.0,calls
73,793.0,4.0,calls
74,719.0,86.0,calls
75,794.0,11.0,calls
76,718.0,39.0,calls
77,795.0,1233.0,calls
78,717.0,29.0,calls
79,796.0,1.0,calls
80,716.0,647.0,calls
81,797.0,18600.0,calls
82,715.0,157.0,calls
83,798.0,1.0,calls
84,714.0,773.0,calls
85,799.0,13.0,calls
86,713.0,153.0,calls
87,800.0,774.0,calls
88,712.0,173.0,calls
89,711.0,519.0,calls
90,710.0,915.0,calls
91,709.0,445.0,calls
92,708.0,121.0,calls
93,805.0,233.0,calls
94,707.0,155.0,calls
95,706.0,90.0,calls
96,705.0,248.0,calls
97,704.0,42.0,calls
98,703.0,155.0,calls
99,810.0,1110.0,calls
100,702.0,128.0,calls
101,701.0,191.0,calls
102,700.0,3188.0,calls
103,699.0,13.0,calls
104,698.0,21.0,calls
105,815.0,115.0,calls
106,697.0,75.0,calls
107,696.0,79.0,calls
108,695.0,239.0,calls
109,694.0,46.0,calls
110,693.0,131.0,calls
111,820.0,387.0,calls
112,692.0,74.0,calls
113,691.0,35.0,calls
114,690.0,1604.0,calls
115,689.0,29.0,calls
116,688.0,32.0,calls
117,825.0,1143.0,calls
118,687.0,37.0,calls
119,686.0,86.0,calls
120,685.0,558.0,calls
121,684.0,20.0,calls
122,683.0,409.0,calls
123,830.0,698.0,calls
124,682.0,109.0,calls
125,681.0,234.0,calls
126,680.0,858.0,calls
127,679.0,326.0,calls
128,678.0,254.0,calls
129,835.0,2345.0,calls
130,677.0,422.0,calls
131,676.0,97.0,calls
132,675.0,223.0,calls
133,674.0,25.0,calls
134,673.0,18.0,calls
135,840.0,7517.0,calls
136,672.0,24.0,calls
137,671.0,65.0,calls
138,670.0,2251.0,calls
139,669.0,115.0,calls
140,668.0,208.0,calls
141,845.0,43.0,calls
142,667.0,10.0,calls
143,666.0,3.0,calls
144,665.0,108.0,calls
145,664.0,59.0,calls
146,663.0,23.0,calls
147,850.0,825.0,calls
148,662.0,4.0,calls
149,661.0,60.0,calls
150,660.0,1037.0,calls
151,659.0,4.0,calls
152,658.0,43.0,calls
153,855.0,247.0,calls
154,657.0,82.0,calls
155,656.0,11.0,calls
156,655.0,158.0,calls
157,654.0,87.0,calls
158,653.0,107.0,calls
159,860.0,327.0,calls
160,652.0,159.0,calls
161,651.0,144.0,calls
162,650.0,508.0,calls
163,649.0,310.0,calls
164,648.0,329.0,calls
165,647.0,10.0,calls
166,646.0,431.0,calls
167,645.0,1014.0,calls
168,644.0,964.0,calls
169,643.0,946.0,calls
170,642.0,1012.0,calls
171,641.0,1155.0,calls
172,640.0,1848.0,calls
173,639.0,26.0,calls
174,638.0,6.0,calls
175,637.0,127.88,calls
176,636.0,1.0,calls
177,635.0,34.0,calls
178,634.0,129.28,calls
179,633.0,11.0,calls
180,632.0,7.0,calls
181,631.0,1.0,calls
182,630.0,6.0,calls
183,629.0,2.0,calls
184,628.0,2.0,calls
185,627.0,1.0,calls
186,626.0,9.0,calls
187,625.0,25.0,calls
188,624.0,1.0,calls
189,623.0,1.0,calls
190,622.0,2.0,calls
191,621.0,1.0,calls
192,620.0,3.0,calls
193,619.0,1.0,calls
194,618.0,4.0,calls
195,617.0,1.0,calls
196,616.0,1.0,calls
197,615.0,11.0,calls
198,610.0,433.0,calls
199,605.0,366.0,calls
200,600.0,2074.0,calls
201,595.0,2133.0,calls
202,590.0,1133.0,calls
203,585.0,333.0,calls
204,580.0,193.0,calls
205,575.0,75.0,calls
206,570.0,413.0,calls
207,565.0,1352.0,calls
208,560.0,1727.0,calls
209,555.0,838.0,calls
210,550.0,1172.0,calls
211,545.0,2413.0,calls
212,540.0,18.0,calls
213,535.0,40.0,calls
214,530.0,1.0,calls
215,525.0,1.0,calls
216,520.0,6.0,calls
217,515.0,209.34,calls
218,510.0,1.0,calls
219,505.0,1.0,calls
220,500.0,4.0,calls
221,495.0,2.0,calls
222,490.0,1.0,calls
223,485.0,2.0,calls
224,480.0,1.0,calls
225,475.0,1.0,calls
226,470.0,1.0,calls
227,465.0,1.0,calls
228,460.0,1.0,calls
229,455.0,1.0,calls
230,450.0,1.0,calls
231,445.0,1.0,calls
232,440.0,1.0,calls
233,435.0,1.0,calls
234,430.0,1.0,calls
235,425.0,1.0,calls
236,420.0,4.0,calls
237,756.0,685.0,calls
238,757.0,551.0,calls
239,755.0,965.0,calls
240,758.0,501.0,calls
241,754.0,377.0,calls
242,759.0,561.0,calls
243,753.0,209.0,calls
244,760.0,919.0,calls
245,752.0,489.0,calls
246,761.0,536.0,calls
247,751.0,335.0,calls
248,762.0,384.0,calls
249,750.0,537.0,calls
250,763.0,331.0,calls
251,749.0,255.0,calls
252,764.0,295.0,calls
253,748.0,295.0,calls
254,765.0,729.0,calls
255,747.0,118.0,calls
256,766.0,405.0,calls
257,746.0,229.0,calls
258,767.0,158.0,calls
259,745.0,76.0,calls
260,768.0,664.0,calls
261,744.0,114.0,calls
262,769.0,143.0,calls
263,743.0,28.0,calls
264,770.0,1253.0,calls
265,742.0,83.0,calls
266,771.0,205.0,calls
267,741.0,37.0,calls
268,772.0,322.0,calls
269,740.0,145.0,calls
270,773.0,382.0,calls
271,739.0,3.0,calls
272,774.0,206.0,calls
273,738.0,31.0,calls
274,775.0,227.0,calls
275,737.0,13.0,calls
276,776.0,251.0,calls
277,736.0,100.0,calls
278,777.0,63.0,calls
279,735.0,32.0,calls
280,778.0,582.0,calls
281,734.0,15.0,calls
282,779.0,93.0,calls
283,733.0,17.0,calls
284,780.0,585.0,calls
285,732.0,1.0,calls
286,781.0,31.0,calls
287,731.0,1.0,calls
288,782.0,5.0,calls
289,730.0,21.0,calls
290,783.0,989.0,calls
291,729.0,25.0,calls
292,784.0,72.0,calls
293,728.0,28.0,calls
294,785.0,81.0,calls
295,727.0,12.0,calls
296,786.0,90.0,calls
297,726.0,10.0,calls
298,787.0,123.0,calls
299,725.0,4.0,calls
300,788.0,626.0,calls
301,724.0,1.0,calls
302,789.0,86.0,calls
303,723.0,1.0,calls
304,790.0,450.0,calls
305,722.0,1.0,calls
306,791.0,1.0,calls
307,721.0,1.0,calls
308,792.0,12.0,calls
309,720.0,12.0,calls
310,793.0,1.0,calls
311,719.0,2.0,calls
312,794.0,24.0,calls
313,718.0,7.0,calls
314,795.0,59.0,calls
315,717.0,1.0,calls
316,796.0,31.0,calls
317,716.0,1.0,calls
318,797.0,1.0,calls
319,715.0,1.0,calls
320,798.0,1.0,calls
321,714.0,1.0,calls
322,799.0,81.0,calls
323,713.0,1.0,calls
324,800.0,335.0,calls
325,712.0,1.0,calls
326,711.0,1.0,calls
327,710.0,1.0,calls
328,709.0,1.0,calls
329,708.0,1.0,calls
330,805.0,1.0,calls
331,707.0,1.0,calls
332,706.0,1.0,calls
333,705.0,13.0,calls
334,704.0,1.0,calls
335,703.0,1.0,calls
336,810.0,32.0,calls
337,702.0,1.0,calls
338,701.0,5.0,calls
339,700.0,6.0,calls
340,815.0,1.0,calls
341,695.0,1.0,calls
342,820.0,100.0,calls
343,690.0,1.0,calls
344,825.0,39.0,calls
345,685.0,1.0,calls
346,830.0,301.0,calls
347,680.0,1.0,calls
348,835.0,43.0,calls
349,675.0,1.0,calls
350,840.0,1.0,calls
351,670.0,1.0,calls
352,845.0,1.0,calls
353,665.0,4.0,calls
354,850.0,1.0,calls
355,660.0,1.0,calls
356,855.0,1.0,calls
357,655.0,1.0,calls
358,860.0,1.0,calls
359,650.0,1.0,calls
360,865.0,1.0,calls
361,645.0,1.0,calls
362,870.0,1.0,calls
363,640.0,1.0,calls
364,875.0,1.0,calls
365,635.0,1.0,calls
366,880.0,1.0,calls
367,630.0,1.0,calls
368,885.0,1.0,calls
369,625.0,1.0,calls
370,890.0,1.0,calls
371,620.0,1.0,calls
372,895.0,1.0,calls
373,615.0,1.0,calls
374,900.0,1.0,calls
375,610.0,1.0,calls
376,905.0,1.0,calls
377,605.0,1.0,calls
378,910.0,1.0,calls
379,600.0,1.0,calls
380,915.0,1.0,calls
381,595.0,1.0,calls
382,920.0,1.0,calls
383,590.0,1.0,calls
384,925.0,1.0,calls
385,585.0,1.0,calls
386,930.0,1.0,calls
387,580.0,1.0,calls
388,935.0,1.0,calls
389,575.0,1.0,calls
390,940.0,1.0,calls
391,570.0,1.0,calls
392,945.0,1.0,calls
393,565.0,1.0,calls
394,950.0,1.0,calls
395,560.0,1.0,calls
396,555.0,1.0,calls
397,550.0,1.0,calls
398,545.0,1.0,calls
399,540.0,1.0,calls
400,535.0,1.0,calls
401,530.0,1.0,calls
402,525.0,1.0,calls
403,520.0,1.0,calls
404,515.0,1.0,calls
405,510.0,1.0,calls
406,505.0,1.0,calls
407,500.0,1.0,calls
408,756.0,105.0,calls
409,757.0,64.0,calls
410,755.0,48.0,calls
411,758.0,63.0,calls
412,754.0,2.0,calls
413,759.0,7.0,calls
414,753.0,3.0,calls
415,760.0,34.0,calls
416,752.0,1.0,calls
417,761.0,3.0,calls
418,751.0,1.0,calls
419,762.0,6.0,calls
420,750.0,4.0,calls
421,763.0,58.0,calls
422,749.0,1.0,calls
423,764.0,10.0,calls
424,748.0,1.0,calls
425,765.0,1.0,calls
426,747.0,1.0,calls
427,766.0,78.0,calls
428,746.0,1.0,calls
429,767.0,6.0,calls
430,745.0,6.0,calls
431,768.0,2.0,calls
432,769.0,1.0,calls
433,770.0,5.0,calls
434,755.0,167.0,calls
435,760.0,2887.0,calls
436,750.0,2520.0,calls
437,765.0,248.0,calls
438,746.0,187.0,calls
439,745.0,978.0,calls
440,744.0,116.0,calls
441,743.0,819.0,calls
442,770.0,3413.0,calls
443,742.0,109.0,calls
444,741.0,157.0,calls
445,740.0,1332.0,calls
446,739.0,128.0,calls
447,738.0,107.0,calls
448,775.0,1618.0,calls
449,737.0,93.0,calls
450,736.0,81.0,calls
451,735.0,215.0,calls
452,734.0,48.0,calls
453,733.0,58.0,calls
454,780.0,5474.0,calls
455,732.0,83.0,calls
456,731.0,101.0,calls
457,730.0,232.0,calls
458,729.0,87.0,calls
459,728.0,62.0,calls
460,785.0,400.0,calls
461,727.0,64.0,calls
462,726.0,72.0,calls
463,725.0,496.0,calls
464,724.0,47.0,calls
465,723.0,18.0,calls
466,790.0,5727.0,calls
467,722.0,41.0,calls
468,721.0,4.0,calls
469,720.0,675.0,calls
470,719.0,24.0,calls
471,718.0,15.0,calls
472,795.0,152.0,calls
473,717.0,2.0,calls
474,716.0,14.0,calls
475,715.0,1223.0,calls
476,714.0,4.0,calls
477,713.0,7.0,calls
478,800.0,6299.0,calls
479,712.0,20.0,calls
480,711.0,99.0,calls
481,710.0,572.0,calls
482,709.0,1.0,calls
483,708.0,10.0,calls
484,805.0,120.0,calls
485,707.0,5.0,calls
486,706.0,1.0,calls
487,705.0,46.0,calls
488,704.0,3.0,calls
489,703.0,2.0,calls
490,810.0,2595.0,calls
491,702.0,1.0,calls
492,701.0,1.0,calls
493,700.0,69.0,calls
494,699.0,18.0,calls
495,698.0,1.0,calls
496,815.0,120.0,calls
497,697.0,2.0,calls
498,696.0,1.0,calls
499,695.0,43.0,calls
500,694.0,26.0,calls
501,693.0,1.0,calls
502,820.0,162.0,calls
503,692.0,1.0,calls
504,691.0,1.0,calls
505,690.0,66.0,calls
506,689.0,1.0,calls
507,688.0,2.0,calls
508,825.0,108.0,calls
509,687.0,1.0,calls
510,686.0,5.0,calls
511,685.0,7.0,calls
512,684.0,1.0,calls
513,683.0,1.0,calls
514,830.0,109.0,calls
515,682.0,1.0,calls
516,681.0,1.0,calls
517,680.0,29.0,calls
518,679.0,1.0,calls
519,678.0,90.57,calls
520,835.0,40.0,calls
521,677.0,1.0,calls
522,676.0,1.0,calls
523,675.0,4.0,calls
524,674.0,3.0,calls
525,673.0,1.0,calls
526,840.0,154.0,calls
527,672.0,2.0,calls
528,671.0,1.0,calls
529,670.0,6.0,calls
530,669.0,1.0,calls
531,668.0,1.0,calls
532,845.0,82.0,calls
533,667.0,1.0,calls
534,666.0,1.0,calls
535,665.0,1.0,calls
536,664.0,1.0,calls
537,663.0,1.0,calls
538,850.0,459.0,calls
539,662.0,7.0,calls
540,661.0,1.0,calls
541,660.0,12.0,calls
542,659.0,1.0,calls
543,658.0,1.0,calls
544,855.0,113.0,calls
545,657.0,1.0,calls
546,656.0,1.0,calls
547,655.0,2.0,calls
548,654.0,1.0,calls
549,653.0,1.0,calls
550,860.0,153.0,calls
551,652.0,2.0,calls
552,651.0,2.0,calls
553,650.0,30.0,calls
554,649.0,1.0,calls
555,648.0,1.0,calls
556,865.0,91.0,calls
557,647.0,1.0,calls
558,646.0,1.0,calls
559,645.0,1.0,calls
560,644.0,1.0,calls
561,643.0,1.0,calls
562,870.0,381.0,calls
563,642.0,1.0,calls
564,641.0,3242.0,calls
565,640.0,84.0,calls
566,875.0,371.0,calls
567,635.0,6.0,calls
568,880.0,69.0,calls
569,630.0,4.0,calls
570,885.0,201.0,calls
571,625.0,1.0,calls
572,890.0,106.0,calls
573,620.0,1.0,calls
574,895.0,3.0,calls
575,615.0,1.0,calls
576,900.0,22.0,calls
577,610.0,2.0,calls
578,605.0,4.0,calls
579,600.0,7.0,calls
580,595.0,1.0,calls
581,590.0,2.0,calls
582,585.0,2.0,calls
583,580.0,1.0,calls
584,575.0,1.0,calls
585,570.0,2.0,calls
586,565.0,1.0,calls
587,560.0,1.0,calls
588,555.0,1.0,calls
589,550.0,1.0,calls
590,545.0,1.0,calls
591,540.0,1.0,calls
592,535.0,1.0,calls
593,530.0,1.0,calls
594,525.0,1.0,calls
595,520.0,1.0,calls
596,515.0,1.0,calls
597,510.0,1.0,calls
598,505.0,1.0,calls
599,500.0,1.0,calls
600,495.0,1.0,calls
601,490.0,1.0,calls
602,485.0,1.0,calls
603,480.0,1.0,calls
604,475.0,1.0,calls
605,470.0,2.0,calls
606,756.0,173.0,calls
607,757.0,141.0,calls
608,755.0,204.0,calls
609,758.0,369.0,calls
610,754.0,21.0,calls
611,759.0,319.0,calls
612,753.0,133.0,calls
613,760.0,475.0,calls
614,752.0,12.0,calls
615,761.0,278.0,calls
616,751.0,14.0,calls
617,762.0,124.0,calls
618,750.0,79.0,calls
619,763.0,147.0,calls
620,749.0,9.0,calls
621,764.0,155.0,calls
622,748.0,30.0,calls
623,765.0,273.0,calls
624,747.0,2.0,calls
625,766.0,237.0,calls
626,746.0,38.0,calls
627,767.0,160.0,calls
628,745.0,12.0,calls
629,768.0,186.0,calls
630,744.0,16.0,calls
631,769.0,65.0,calls
632,743.0,10.0,calls
633,770.0,68.0,calls
634,742.0,1.0,calls
635,771.0,63.0,calls
636,741.0,25.0,calls
637,772.0,20.0,calls
638,740.0,38.0,calls
639,773.0,110.0,calls
640,739.0,16.0,calls
641,774.0,190.0,calls
642,738.0,10.0,calls
643,775.0,208.0,calls
644,737.0,1.0,calls
645,776.0,10.0,calls
646,736.0,1.0,calls
647,777.0,18.0,calls
648,735.0,1.0,calls
649,778.0,209.0,calls
650,734.0,1.0,calls
651,779.0,73.0,calls
652,733.0,1.0,calls
653,780.0,288.0,calls
654,732.0,1.0,calls
655,781.0,4.0,calls
656,731.0,1.0,calls
657,782.0,2.0,calls
658,730.0,1.0,calls
659,783.0,1.0,calls
660,729.0,1.0,calls
661,784.0,29.0,calls
662,728.0,1.0,calls
663,785.0,1.0,calls
664,727.0,1.0,calls
665,786.0,4.0,calls
666,726.0,1.0,calls
667,787.0,5.0,calls
668,725.0,2.0,calls
669,788.0,1.0,calls
670,724.0,1.0,calls
671,789.0,2.0,calls
672,723.0,1.0,calls
673,790.0,1.0,calls
674,722.0,1.0,calls
675,791.0,1.0,calls
676,721.0,1.0,calls
677,792.0,1.0,calls
678,720.0,1.0,calls
679,793.0,1.0,calls
680,719.0,1.0,calls
681,794.0,1.0,calls
682,718.0,1.0,calls
683,795.0,1.0,calls
684,717.0,1.0,calls
685,796.0,1.0,calls
686,716.0,1.0,calls
687,797.0,1.0,calls
688,715.0,1.0,calls
689,798.0,2.0,calls
690,714.0,1.0,calls
691,799.0,1.0,calls
692,713.0,1.0,calls
693,800.0,49.0,calls
694,712.0,1.0,calls
695,711.0,1.0,calls
696,710.0,1.0,calls
697,709.0,48.85,calls
698,708.0,1.0,calls
699,805.0,240.0,calls
700,707.0,1.0,calls
701,706.0,1.0,calls
702,705.0,1.0,calls
703,704.0,1.0,calls
704,703.0,1.0,calls
705,810.0,1.0,calls
706,702.0,1.0,calls
707,701.0,1.0,calls
708,700.0,1.0,calls
709,815.0,109.0,calls
710,695.0,1.0,calls
711,820.0,97.0,calls
712,690.0,1.0,calls
713,825.0,1.0,calls
714,685.0,1.0,calls
715,830.0,1.0,calls
716,680.0,1.0,calls
717,835.0,1.0,calls
718,675.0,1.0,calls
719,840.0,1.0,calls
720,670.0,87.98,calls
721,845.0,1500.0,calls
722,665.0,1.0,calls
723,850.0,105.0,calls
724,660.0,1.0,calls
725,855.0,133.0,calls
726,655.0,1.0,calls
727,860.0,47.0,calls
728,650.0,1.0,calls
729,865.0,1.0,calls
730,645.0,1.0,calls
731,870.0,1.0,calls
732,640.0,1.0,calls
733,875.0,1.0,calls
734,635.0,1.0,calls
735,880.0,1.0,calls
736,630.0,1.0,calls
737,885.0,1.0,calls
738,625.0,1.0,calls
739,890.0,1.0,calls
740,620.0,1.0,calls
741,895.0,1.0,calls
742,615.0,1.0,calls
743,900.0,1.0,calls
744,610.0,1.0,calls
745,905.0,1.0,calls
746,605.0,1.0,calls
747,910.0,1.0,calls
748,600.0,1.0,calls
749,915.0,1.0,calls
750,595.0,1.0,calls
751,920.0,1.0,calls
752,590.0,1.0,calls
753,925.0,1.0,calls
754,585.0,1.0,calls
755,930.0,1.0,calls
756,580.0,1.0,calls
757,935.0,1.0,calls
758,575.0,1.0,calls
759,940.0,1.0,calls
760,570.0,1.0,calls
761,945.0,1.0,calls
762,565.0,1.0,calls
763,950.0,1.0,calls
764,560.0,1.0,calls
765,555.0,1.0,calls
766,550.0,1.0,calls
767,545.0,1.0,calls
768,540.0,1.0,calls
769,535.0,1.0,calls
770,530.0,1.0,calls
771,525.0,1.0,calls
772,520.0,1.0,calls
773,515.0,1.0,calls
774,510.0,1.0,calls
775,505.0,1.0,calls
776,500.0,1.0,calls
777,756.0,987.0,calls
778,757.0,1146.0,calls
779,755.0,19355.0,calls
780,758.0,1165.0,calls
781,754.0,4065.0,calls
782,759.0,1256.0,calls
783,753.0,1005.0,calls
784,760.0,31395.0,calls
785,752.0,796.0,calls
786,761.0,720.0,calls
787,751.0,893.0,calls
788,762.0,905.0,calls
789,750.0,2332.0,calls
790,763.0,765.0,calls
791,749.0,1300.0,calls
792,764.0,4836.0,calls
793,748.0,614.0,calls
794,765.0,2510.0,calls
795,747.0,537.0,calls
796,766.0,925.0,calls
797,746.0,795.0,calls
798,767.0,818.0,calls
799,745.0,2292.0,calls
800,768.0,1940.0,calls
801,744.0,687.0,calls
802,769.0,381.0,calls
803,743.0,906.0,calls
804,770.0,3114.0,calls
805,742.0,1397.0,calls
806,771.0,711.0,calls
807,741.0,1482.0,calls
808,772.0,324.0,calls
809,740.0,3042.0,calls
810,773.0,499.0,calls
811,739.0,1505.0,calls
812,774.0,278.0,calls
813,738.0,688.0,calls
814,775.0,2304.0,calls
815,737.0,782.0,calls
816,776.0,465.0,calls
817,736.0,710.0,calls
818,777.0,461.0,calls
819,735.0,1598.0,calls
820,778.0,871.0,calls
821,734.0,692.0,calls
822,779.0,484.0,calls
823,733.0,630.0,calls
824,780.0,2481.0,calls
825,732.0,3733.0,calls
826,781.0,1792.0,calls
827,731.0,418.0,calls
828,782.0,820.0,calls
829,730.0,1237.0,calls
830,783.0,300.0,calls
831,729.0,151.0,calls
832,784.0,283.0,calls
833,728.0,165.0,calls
834,785.0,2032.0,calls
835,727.0,165.0,calls
836,786.0,1184.0,calls
837,726.0,268.0,calls
838,787.0,107.0,calls
839,725.0,800.0,calls
840,788.0,155.0,calls
841,724.0,321.0,calls
842,789.0,511.0,calls
843,723.0,184.0,calls
844,790.0,1677.0,calls
845,722.0,314.0,calls
846,791.0,110.0,calls
847,721.0,210.0,calls
848,792.0,228.0,calls
849,720.0,806.0,calls
850,793.0,140.0,calls
851,719.0,118.0,calls
852,794.0,102.0,calls
853,718.0,400.0,calls
854,795.0,546.0,calls
855,717.0,141.0,calls
856,796.0,100.0,calls
857,716.0,445.0,calls
858,797.0,1.0,calls
859,715.0,318.0,calls
860,798.0,1.0,calls
861,714.0,38.0,calls
862,799.0,100.0,calls
863,713.0,47.0,calls
864,800.0,1538.0,calls
865,712.0,141.0,calls
866,711.0,26.0,calls
867,710.0,891.0,calls
868,709.0,17.0,calls
869,708.0,25.0,calls
870,805.0,1330.0,calls
871,707.0,13.0,calls
872,706.0,34.0,calls
873,705.0,93.0,calls
874,704.0,33.0,calls
875,703.0,9.0,calls
876,810.0,2277.0,calls
877,702.0,35.0,calls
878,701.0,2.0,calls
879,700.0,2775.0,calls
880,699.0,4.0,calls
881,698.0,6.0,calls
882,815.0,363.0,calls
883,697.0,31.0,calls
884,696.0,29.0,calls
885,695.0,91.0,calls
886,694.0,7.0,calls
887,693.0,10.0,calls
888,820.0,313.0,calls
889,692.0,14.0,calls
890,691.0,65.0,calls
891,690.0,406.0,calls
892,689.0,20.0,calls
893,688.0,27.0,calls
894,825.0,255.0,calls
895,687.0,8.0,calls
896,686.0,4.0,calls
897,685.0,26.0,calls
898,684.0,8.0,calls
899,683.0,3.0,calls
900,830.0,177.0,calls
901,682.0,21.0,calls
902,681.0,42.0,calls
903,680.0,12133.0,calls
904,679.0,4.0,calls
905,678.0,2.0,calls
906,835.0,559.0,calls
907,677.0,5.0,calls
908,676.0,3.0,calls
909,675.0,53.0,calls
910,840.0,72.0,calls
911,670.0,31.0,calls
912,845.0,485.0,calls
913,665.0,168.0,calls
914,850.0,1652.0,calls
915,660.0,8.0,calls
916,855.0,313.0,calls
917,655.0,4.0,calls
918,860.0,569.0,calls
919,650.0,38.0,calls
920,865.0,502.0,calls
921,645.0,23.0,calls
922,870.0,6007.0,calls
923,640.0,3.0,calls
924,875.0,202.0,calls
925,635.0,18.0,calls
926,880.0,7859.0,calls
927,630.0,2.0,calls
928,885.0,1646.0,calls
929,625.0,4.0,calls
930,890.0,1468.0,calls
931,620.0,1.0,calls
932,895.0,325.0,calls
933,615.0,3.0,calls
934,900.0,196.0,calls
935,610.0,9.0,calls
936,605.0,1.0,calls
937,600.0,4.0,calls
938,595.0,5.0,calls
939,590.0,1.0,calls
940,585.0,1.0,calls
941,580.0,2.0,calls
942,575.0,1.0,calls
943,570.0,1.0,calls
944,565.0,1.0,calls
945,560.0,1.0,calls
946,555.0,1.0,calls
947,550.0,1.0,calls
948,545.0,1.0,calls
949,540.0,1.0,calls
950,535.0,1.0,calls
951,530.0,1.0,calls
952,525.0,3.0,calls
953,520.0,1.0,calls
954,515.0,1.0,calls
955,510.0,1.0,calls
956,505.0,1.0,calls
957,500.0,1.0,calls
958,495.0,1.0,calls
959,490.0,2.0,calls
960,485.0,1.0,calls
961,480.0,1.0,calls
962,475.0,1.0,calls
963,470.0,1.0,calls
964,465.0,2.0,calls
965,460.0,1.0,calls
966,455.0,1.0,calls
967,450.0,1.0,calls
968,445.0,1.0,calls
969,440.0,32.0,calls
970,435.0,2.0,calls
971,430.0,1.0,calls
972,425.0,1.0,calls
973,420.0,1.0,calls
974,415.0,1.0,calls
975,410.0,1.0,calls
976,405.0,1.0,calls
977,400.0,1.0,calls
978,756.0,662.0,calls
979,757.0,237.0,calls
980,755.0,28015.0,calls
981,758.0,336.0,calls
982,754.0,1162.0,calls
983,759.0,207.0,calls
984,753.0,2104.0,calls
985,760.0,3294.0,calls
986,752.0,2475.0,calls
987,761.0,263.0,calls
988,751.0,1425.0,calls
989,762.0,188.0,calls
990,750.0,8282.0,calls
991,763.0,203.0,calls
992,749.0,1551.0,calls
993,764.0,546.0,calls
994,748.0,209.0,calls
995,765.0,1331.0,calls
996,747.0,391.0,calls
997,766.0,267.0,calls
998,746.0,360.0,calls
999,767.0,760.0,calls
1000,756.0,133.0,puts
1001,757.0,70.0,puts
1002,755.0,555.0,puts
1003,758.0,26.0,puts
1004,754.0,1.0,puts
1005,759.0,3.0,puts
1006,753.0,5.0,puts
1007,760.0,715.0,puts
1008,752.0,2.0,puts
1009,761.0,17.0,puts
1010,751.0,24.0,puts
1011,762.0,15.0,puts
1012,750.0,1717.0,puts
1013,763.0,12.0,puts
1014,749.0,1.0,puts
1015,764.0,29.0,puts
1016,748.0,28.68,puts
1017,765.0,823.0,puts
1018,747.0,1.0,puts
1019,766.0,3.0,puts
1020,746.0,2.0,puts
1021,767.0,32.0,puts
1022,745.0,1579.0,puts
1023,768.0,6.0,puts
1024,744.0,2.0,puts
1025,769.0,25.0,puts
1026,743.0,1.0,puts
1027,770.0,629.0,puts
1028,742.0,1.0,puts
1029,771.0,17.0,puts
1030,741.0,1.0,puts
1031,772.0,10.0,puts
1032,740.0,1961.0,puts
1033,773.0,1.0,puts
1034,739.0,1.0,puts
1035,774.0,4.0,puts
1036,738.0,1.0,puts
1037,775.0,705.0,puts
1038,737.0,2.0,puts
1039,776.0,1.0,puts
1040,736.0,3.0,puts
1041,777.0,1.0,puts
1042,735.0,435.0,puts
1043,778.0,1.0,puts
1044,734.0,1.0,puts
1045,779.0,1.0,puts
1046,733.0,1.0,puts
1047,780.0,1082.0,puts
1048,732.0,1.0,puts
1049,781.0,5.0,puts
1050,731.0,1.0,puts
1051,782.0,1.0,puts
1052,730.0,1138.0,puts
1053,783.0,1.0,puts
1054,729.0,1.0,puts
1055,784.0,1.0,puts
1056,728.0,5.0,puts
1057,785.0,860.0,puts
1058,727.0,3.0,puts
1059,786.0,25.0,puts
1060,726.0,1.0,puts
1061,787.0,223.0,puts
1062,725.0,2123.0,puts
1063,788.0,27.0,puts
1064,724.0,1.0,puts
1065,789.0,19.0,puts
1066,723.0,1.0,puts
1067,790.0,269.0,puts
1068,722.0,1.0,puts
1069,791.0,160.0,puts
1070,721.0,1.0,puts
1071,792.0,10.0,puts
1072,720.0,993.0,puts
1073,793.0,4.0,puts
1074,719.0,86.0,puts
1075,794.0,11.0,puts
1076,718.0,39.0,puts
1077,795.0,1233.0,puts
1078,717.0,29.0,puts
1079,796.0,1.0,puts
1080,716.0,647.0,puts
1081,797.0,18600.0,puts
1082,715.0,157.0,puts
1083,798.0,1.0,puts
1084,714.0,773.0,puts
1085,799.0,13.0,puts
1086,713.0,153.0,puts
1087,800.0,774.0,puts
1088,712.0,173.0,puts
1089,711.0,519.0,puts
1090,710.0,915.0,puts
1091,709.0,445.0,puts
1092,708.0,121.0,puts
1093,805.0,233.0,puts
1094,707.0,155.0,puts
1095,706.0,90.0,puts
1096,705.0,248.0,puts
1097,704.0,42.0,puts
1098,703.0,155.0,puts
1099,810.0,1110.0,puts
1100,702.0,128.0,puts
1101,701.0,191.0,puts
1102,700.0,3188.0,puts
1103,699.0,13.0,puts
1104,698.0,21.0,puts
1105,815.0,115.0,puts
1106,697.0,75.0,puts
1107,696.0,79.0,puts
1108,695.0,239.0,puts
1109,694.0,46.0,puts
1110,693.0,131.0,puts
1111,820.0,387.0,puts
1112,692.0,74.0,puts
1113,691.0,35.0,puts
1114,690.0,1604.0,puts
1115,689.0,29.0,puts
1116,688.0,32.0,puts
1117,825.0,1143.0,puts
1118,687.0,37.0,puts
1119,686.0,86.0,puts
1120,685.0,558.0,puts
1121,684.0,20.0,puts
1122,683.0,409.0,puts
1123,830.0,698.0,puts
1124,682.0,109.0,puts
1125,681.0,234.0,puts
1126,680.0,858.0,puts
1127,679.0,326.0,puts
1128,678.0,254.0,puts
1129,835.0,2345.0,puts
1130,677.0,422.0,puts
1131,676.0,97.0,puts
1132,675.0,223.0,puts
1133,674.0,25.0,puts
1134,673.0,18.0,puts
1135,840.0,7517.0,puts
1136,672.0,24.0,puts
1137,671.0,65.0,puts
1138,670.0,2251.0,puts
1139,669.0,115.0,puts
1140,668.0,208.0,puts
1141,845.0,43.0,puts
1142,667.0,10.0,puts
1143,666.0,3.0,puts
1144,665.0,108.0,puts
1145,664.0,59.0,puts
1146,663.0,23.0,puts
1147,850.0,825.0,puts
1148,662.0,4.0,puts
1149,661.0,60.0,puts
1150,660.0,1037.0,puts
1151,659.0,4.0,puts
1152,658.0,43.0,puts
1153,855.0,247.0,puts
1154,657.0,82.0,puts
1155,656.0,11.0,puts
1156,655.0,158.0,puts
1157,654.0,87.0,puts
1158,653.0,107.0,puts
1159,860.0,327.0,puts
1160,652.0,159.0,puts
1161,651.0,144.0,puts
1162,650.0,508.0,puts
1163,649.0,310.0,puts
1164,648.0,329.0,puts
1165,647.0,10.0,puts
1166,646.0,431.0,puts
1167,645.0,1014.0,puts
1168,644.0,964.0,puts
1169,643.0,946.0,puts
1170,642.0,1012.0,puts
1171,641.0,1155.0,puts
1172,640.0,1848.0,puts
1173,639.0,26.0,puts
1174,638.0,6.0,puts
1175,637.0,127.88,puts
1176,636.0,1.0,puts
1177,635.0,34.0,puts
1178,634.0,129.28,puts
1179,633.0,11.0,puts
1180,632.0,7.0,puts
1181,631.0,1.0,puts
1182,630.0,6.0,puts
1183,629.0,2.0,puts
1184,628.0,2.0,puts
1185,627.0,1.0,puts
1186,626.0,9.0,puts
1187,625.0,25.0,puts
1188,624.0,1.0,puts
1189,623.0,1.0,puts
1190,622.0,2.0,puts
1191,621.0,1.0,puts
1192,620.0,3.0,puts
1193,619.0,1.0,puts
1194,618.0,4.0,puts
1195,617.0,1.0,puts
1196,616.0,1.0,puts
1197,615.0,11.0,puts
1198,610.0,433.0,puts
1199,605.0,366.0,puts
1200,600.0,2074.0,puts
1201,595.0,2133.0,puts
1202,590.0,1133.0,puts
1203,585.0,333.0,puts
1204,580.0,193.0,puts
1205,575.0,75.0,puts
1206,570.0,413.0,puts
1207,565.0,1352.0,puts
1208,560.0,1727.0,puts
1209,555.0,838.0,puts
1210,550.0,1172.0,puts
1211,545.0,2413.0,puts
1212,540.0,18.0,puts
1213,535.0,40.0,puts
1214,530.0,1.0,puts
1215,525.0,1.0,puts
1216,520.0,6.0,puts
1217,515.0,209.34,puts
1218,510.0,1.0,puts
1219,505.0,1.0,puts
1220,500.0,4.0,puts
1221,495.0,2.0,puts
1222,490.0,1.0,puts
1223,485.0,2.0,puts
1224,480.0,1.0,puts
1225,475.0,1.0,puts
1226,470.0,1.0,puts
1227,465.0,1.0,puts
1228,460.0,1.0,puts
1229,455.0,1.0,puts
1230,450.0,1.0,puts
1231,445.0,1.0,puts
1232,440.0,1.0,puts
1233,435.0,1.0,puts
1234,430.0,1.0,puts
1235,425.0,1.0,puts
1236,420.0,4.0,puts
1237,756.0,685.0,puts
1238,757.0,551.0,puts
1239,755.0,965.0,puts
1240,758.0,501.0,puts
1241,754.0,377.0,puts
1242,759.0,561.0,puts
1243,753.0,209.0,puts
1244,760.0,919.0,puts
1245,752.0,489.0,puts
1246,761.0,536.0,puts
1247,751.0,335.0,puts
1248,762.0,384.0,puts
1249,750.0,537.0,puts
1250,763.0,331.0,puts
1251,749.0,255.0,puts
1252,764.0,295.0,puts
1253,748.0,295.0,puts
1254,765.0,729.0,puts
1255,747.0,118.0,puts
1256,766.0,405.0,puts
1257,746.0,229.0,puts
1258,767.0,158.0,puts
1259,745.0,76.0,puts
1260,768.0,664.0,puts
1261,744.0,114.0,puts
1262,769.0,143.0,puts
1263,743.0,28.0,puts
1264,770.0,1253.0,puts
1265,742.0,83.0,puts
1266,771.0,205.0,puts
1267,741.0,37.0,puts
1268,772.0,322.0,puts
1269,740.0,145.0,puts
1270,773.0,382.0,puts
1271,739.0,3.0,puts
1272,774.0,206.0,puts
1273,738.0,31.0,puts
1274,775.0,227.0,puts
1275,737.0,13.0,puts
1276,776.0,251.0,puts
1277,736.0,100.0,puts
1278,777.0,63.0,puts
1279,735.0,32.0,puts
1280,778.0,582.0,puts
1281,734.0,15.0,puts
1282,779.0,93.0,puts
1283,733.0,17.0,puts
1284,780.0,585.0,puts
1285,732.0,1.0,puts
1286,781.0,31.0,puts
1287,731.0,1.0,puts
1288,782.0,5.0,puts
1289,730.0,21.0,puts
1290,783.0,989.0,puts
1291,729.0,25.0,puts
1292,784.0,72.0,puts
1293,728.0,28.0,puts
1294,785.0,81.0,puts
1295,727.0,12.0,puts
1296,786.0,90.0,puts
1297,726.0,10.0,puts
1298,787.0,123.0,puts
1299,725.0,4.0,puts
1300,788.0,626.0,puts
1301,724.0,1.0,puts
1302,789.0,86.0,puts
1303,723.0,1.0,puts
1304,790.0,450.0,puts
1305,722.0,1.0,puts
1306,791.0,1.0,puts
1307,721.0,1.0,puts
1308,792.0,12.0,puts
1309,720.0,12.0,puts
1310,793.0,1.0,puts
1311,719.0,2.0,puts
1312,794.0,24.0,puts
1313,718.0,7.0,puts
1314,795.0,59.0,puts
1315,717.0,1.0,puts
1316,796.0,31.0,puts
1317,716.0,1.0,puts
1318,797.0,1.0,puts
1319,715.0,1.0,puts
1320,798.0,1.0,puts
1321,714.0,1.0,puts
1322,799.0,81.0,puts
1323,713.0,1.0,puts
1324,800.0,335.0,puts
1325,712.0,1.0,puts
1326,711.0,1.0,puts
1327,710.0,1.0,puts
1328,709.0,1.0,puts
1329,708.0,1.0,puts
1330,805.0,1.0,puts
1331,707.0,1.0,puts
1332,706.0,1.0,puts
1333,705.0,13.0,puts
1334,704.0,1.0,puts
1335,703.0,1.0,puts
1336,810.0,32.0,puts
1337,702.0,1.0,puts
1338,701.0,5.0,puts
1339,700.0,6.0,puts
1340,815.0,1.0,puts
1341,695.0,1.0,puts
1342,820.0,100.0,puts
1343,690.0,1.0,puts
1344,825.0,39.0,puts
1345,685.0,1.0,puts
1346,830.0,301.0,puts
1347,680.0,1.0,puts
1348,835.0,43.0,puts
1349,675.0,1.0,puts
1350,840.0,1.0,puts
1351,670.0,1.0,puts
1352,845.0,1.0,puts
1353,665.0,4.0,puts
1354,850.0,1.0,puts
1355,660.0,1.0,puts
1356,855.0,1.0,puts
1357,655.0,1.0,puts
1358,860.0,1.0,puts
1359,650.0,1.0,puts
1360,865.0,1.0,puts
1361,645.0,1.0,puts
1362,870.0,1.0,puts
1363,640.0,1.0,puts
1364,875.0,1.0,puts
1365,635.0,1.0,puts
1366,880.0,1.0,puts
1367,630.0,1.0,puts
1368,885.0,1.0,puts
1369,625.0,1.0,puts
1370,890.0,1.0,puts
1371,620.0,1.0,puts
1372,895.0,1.0,puts
1373,615.0,1.0,puts
1374,900.0,1.0,puts
1375,610.0,1.0,puts
1376,905.0,1.0,puts
1377,605.0,1.0,puts
1378,910.0,1.0,puts
1379,600.0,1.0,puts
1380,915.0,1.0,puts
1381,595.0,1.0,puts
1382,920.0,1.0,puts
1383,590.0,1.0,puts
1384,925.0,1.0,puts
1385,585.0,1.0,puts
1386,930.0,1.0,puts
1387,580.0,1.0,puts
1388,935.0,1.0,puts
1389,575.0,1.0,puts
1390,940.0,1.0,puts
1391,570.0,1.0,puts
1392,945.0,1.0,puts
1393,565.0,1.0,puts
1394,950.0,1.0,puts
1395,560.0,1.0,puts
1396,555.0,1.0,puts
1397,550.0,1.0,puts
1398,545.0,1.0,puts
1399,540.0,1.0,puts
1400,535.0,1.0,puts
1401,530.0,1.0,puts
1402,525.0,1.0,puts
1403,520.0,1.0,puts
1404,515.0,1.0,puts
1405,510.0,1.0,puts
1406,505.0,1.0,puts
1407,500.0,1.0,puts
1408,756.0,105.0,puts
1409,757.0,64.0,puts
1410,755.0,48.0,puts
1411,758.0,63.0,puts
1412,754.0,2.0,puts
1413,759.0,7.0,puts
1414,753.0,3.0,puts
1415,760.0,34.0,puts
1416,752.0,1.0,puts
1417,761.0,3.0,puts
1418,751.0,1.0,puts
1419,762.0,6.0,puts
1420,750.0,4.0,puts
1421,763.0,58.0,puts
1422,749.0,1.0,puts
1423,764.0,10.0,puts
1424,748.0,1.0,puts
1425,765.0,1.0,puts
1426,747.0,1.0,puts
1427,766.0,78.0,puts
1428,746.0,1.0,puts
1429,767.0,6.0,puts
1430,745.0,6.0,puts
1431,768.0,2.0,puts
1432,769.0,1.0,puts
1433,770.0,5.0,puts
1434,755.0,167.0,puts
1435,760.0,2887.0,puts
1436,750.0,2520.0,puts
1437,765.0,248.0,puts
1438,746.0,187.0,puts
1439,745.0,978.0,puts
1440,744.0,116.0,puts
1441,743.0,819.0,puts
1442,770.0,3413.0,puts
1443,742.0,109.0,puts
1444,741.0,157.0,puts
1445,740.0,1332.0,puts
1446,739.0,128.0,puts
1447,738.0,107.0,puts
1448,775.0,1618.0,puts
1449,737.0,93.0,puts
1450,736.0,81.0,puts
1451,735.0,215.0,puts
1452,734.0,48.0,puts
1453,733.0,58.0,puts
1454,780.0,5474.0,puts
1455,732.0,83.0,puts
1456,731.0,101.0,puts
1457,730.0,232.0,puts
1458,729.0,87.0,puts
1459,728.0,62.0,puts
1460,785.0,400.0,puts
1461,727.0,64.0,puts
1462,726.0,72.0,puts
1463,725.0,496.0,puts
1464,724.0,47.0,puts
1465,723.0,18.0,puts
1466,790.0,5727.0,puts
1467,722.0,41.0,puts
1468,721.0,4.0,puts
1469,720.0,675.0,puts
1470,719.0,24.0,puts
1471,718.0,15.0,puts
1472,795.0,152.0,puts
1473,717.0,2.0,puts
1474,716.0,14.0,puts
1475,715.0,1223.0,puts
1476,714.0,4.0,puts
1477,713.0,7.0,puts
1478,800.0,6299.0,puts
1479,712.0,20.0,puts
1480,711.0,99.0,puts
1481,710.0,572.0,puts
1482,709.0,1.0,puts
1483,708.0,10.0,puts
1484,805.0,120.0,puts
1485,707.0,5.0,puts
1486,706.0,1.0,puts
1487,705.0,46.0,puts
1488,704.0,3.0,puts
1489,703.0,2.0,puts
1490,810.0,2595.0,puts
1491,702.0,1.0,puts
1492,701.0,1.0,puts
1493,700.0,69.0,puts
1494,699.0,18.0,puts
1495,698.0,1.0,puts
1496,815.0,120.0,puts
1497,697.0,2.0,puts
1498,696.0,1.0,puts
1499,695.0,43.0,puts
1500,694.0,26.0,puts
1501,693.0,1.0,puts
1502,820.0,162.0,puts
1503,692.0,1.0,puts
1504,691.0,1.0,puts
1505,690.0,66.0,puts
1506,689.0,1.0,puts
1507,688.0,2.0,puts
1508,825.0,108.0,puts
1509,687.0,1.0,puts
1510,686.0,5.0,puts
1511,685.0,7.0,puts
1512,684.0,1.0,puts
1513,683.0,1.0,puts
1514,830.0,109.0,puts
1515,682.0,1.0,puts
1516,681.0,1.0,puts
1517,680.0,29.0,puts
1518,679.0,1.0,puts
1519,678.0,90.57,puts
1520,835.0,40.0,puts
1521,677.0,1.0,puts
1522,676.0,1.0,puts
1523,675.0,4.0,puts
1524,674.0,3.0,puts
1525,673.0,1.0,puts
1526,840.0,154.0,puts
1527,672.0,2.0,puts
1528,671.0,1.0,puts
1529,670.0,6.0,puts
1530,669.0,1.0,puts
1531,668.0,1.0,puts
1532,845.0,82.0,puts
1533,667.0,1.0,puts
1534,666.0,1.0,puts
1535,665.0,1.0,puts
1536,664.0,1.0,puts
1537,663.0,1.0,puts
1538,850.0,459.0,puts
1539,662.0,7.0,puts
1540,661.0,1.0,puts
1541,660.0,12.0,puts
1542,659.0,1.0,puts
1543,658.0,1.0,puts
1544,855.0,113.0,puts
1545,657.0,1.0,puts
1546,656.0,1.0,puts
1547,655.0,2.0,puts
1548,654.0,1.0,puts
1549,653.0,1.0,puts
1550,860.0,153.0,puts
1551,652.0,2.0,puts
1552,651.0,2.0,puts
1553,650.0,30.0,puts
1554,649.0,1.0,puts
1555,648.0,1.0,puts
1556,865.0,91.0,puts
1557,647.0,1.0,puts
1558,646.0,1.0,puts
1559,645.0,1.0,puts
1560,644.0,1.0,puts
1561,643.0,1.0,puts
1562,870.0,381.0,puts
1563,642.0,1.0,puts
1564,641.0,3242.0,puts
1565,640.0,84.0,puts
1566,875.0,371.0,puts
1567,635.0,6.0,puts
1568,880.0,69.0,puts
1569,630.0,4.0,puts
1570,885.0,201.0,puts
1571,625.0,1.0,puts
1572,890.0,106.0,puts
1573,620.0,1.0,puts
1574,895.0,3.0,puts
1575,615.0,1.0,puts
1576,900.0,22.0,puts
1577,610.0,2.0,puts
1578,605.0,4.0,puts
1579,600.0,7.0,puts
1580,595.0,1.0,puts
1581,590.0,2.0,puts
1582,585.0,2.0,puts
1583,580.0,1.0,puts
1584,575.0,1.0,puts
1585,570.0,2.0,puts
1586,565.0,1.0,puts
1587,560.0,1.0,puts
1588,555.0,1.0,puts
1589,550.0,1.0,puts
1590,545.0,1.0,puts
1591,540.0,1.0,puts
1592,535.0,1.0,puts
1593,530.0,1.0,puts
1594,525.0,1.0,puts
1595,520.0,1.0,puts
1596,515.0,1.0,puts
1597,510.0,1.0,puts
1598,505.0,1.0,puts
1599,500.0,1.0,puts
1600,495.0,1.0,puts
1601,490.0,1.0,puts
1602,485.0,1.0,puts
1603,480.0,1.0,puts
1604,475.0,1.0,puts
1605,470.0,2.0,puts
1606,756.0,173.0,puts
1607,757.0,141.0,puts
1608,755.0,204.0,puts
1609,758.0,369.0,puts
1610,754.0,21.0,puts
1611,759.0,319.0,puts
1612,753.0,133.0,puts
1613,760.0,475.0,puts
1614,752.0,12.0,puts
1615,761.0,278.0,puts
1616,751.0,14.0,puts
1617,762.0,124.0,puts
1618,750.0,79.0,puts
1619,763.0,147.0,puts
1620,749.0,9.0,puts
1621,764.0,155.0,puts
1622,748.0,30.0,puts
1623,765.0,273.0,puts
1624,747.0,2.0,puts
1625,766.0,237.0,puts
1626,746.0,38.0,puts
1627,767.0,160.0,puts
1628,745.0,12.0,puts
1629,768.0,186.0,puts
1630,744.0,16.0,puts
1631,769.0,65.0,puts
1632,743.0,10.0,puts
1633,770.0,68.0,puts
1634,742.0,1.0,puts
1635,771.0,63.0,puts
1636,741.0,25.0,puts
1637,772.0,20.0,puts
1638,740.0,38.0,puts
1639,773.0,110.0,puts
1640,739.0,16.0,puts
1641,774.0,190.0,puts
1642,738.0,10.0,puts
1643,775.0,208.0,puts
1644,737.0,1.0,puts
1645,776.0,10.0,puts
1646,736.0,1.0,puts
1647,777.0,18.0,puts
1648,735.0,1.0,puts
1649,778.0,209.0,puts
1650,734.0,1.0,puts
1651,779.0,73.0,puts
1652,733.0,1.0,puts
1653,780.0,288.0,puts
1654,732.0,1.0,puts
1655,781.0,4.0,puts
1656,731.0,1.0,puts
1657,782.0,2.0,puts
1658,730.0,1.0,puts
1659,783.0,1.0,puts
1660,729.0,1.0,puts
1661,784.0,29.0,puts
1662,728.0,1.0,puts
1663,785.0,1.0,puts
1664,727.0,1.0,puts
1665,786.0,4.0,puts
1666,726.0,1.0,puts
1667,787.0,5.0,puts
1668,725.0,2.0,puts
1669,788.0,1.0,puts
1670,724.0,1.0,puts
1671,789.0,2.0,puts
1672,723.0,1.0,puts
1673,790.0,1.0,puts
1674,722.0,1.0,puts
1675,791.0,1.0,puts
1676,721.0,1.0,puts
1677,792.0,1.0,puts
1678,720.0,1.0,puts
1679,793.0,1.0,puts
1680,719.0,1.0,puts
1681,794.0,1.0,puts
1682,718.0,1.0,puts
1683,795.0,1.0,puts
1684,717.0,1.0,puts
1685,796.0,1.0,puts
1686,716.0,1.0,puts
1687,797.0,1.0,puts
1688,715.0,1.0,puts
1689,798.0,2.0,puts
1690,714.0,1.0,puts
1691,799.0,1.0,puts
1692,713.0,1.0,puts
1693,800.0,49.0,puts
1694,712.0,1.0,puts
1695,711.0,1.0,puts
1696,710.0,1.0,puts
1697,709.0,48.85,puts
1698,708.0,1.0,puts
1699,805.0,240.0,puts
1700,707.0,1.0,puts
1701,706.0,1.0,puts
1702,705.0,1.0,puts
1703,704.0,1.0,puts
1704,703.0,1.0,puts
1705,810.0,1.0,puts
1706,702.0,1.0,puts
1707,701.0,1.0,puts
1708,700.0,1.0,puts
1709,815.0,109.0,puts
1710,695.0,1.0,puts
1711,820.0,97.0,puts
1712,690.0,1.0,puts
1713,825.0,1.0,puts
1714,685.0,1.0,puts
1715,830.0,1.0,puts
1716,680.0,1.0,puts
1717,835.0,1.0,puts
1718,675.0,1.0,puts
1719,840.0,1.0,puts
1720,670.0,87.98,puts
1721,845.0,1500.0,puts
1722,665.0,1.0,puts
1723,850.0,105.0,puts
1724,660.0,1.0,puts
1725,855.0,133.0,puts
1726,655.0,1.0,puts
1727,860.0,47.0,puts
1728,650.0,1.0,puts
1729,865.0,1.0,puts
1730,645.0,1.0,puts
1731,870.0,1.0,puts
1732,640.0,1.0,puts
1733,875.0,1.0,puts
1734,635.0,1.0,puts
1735,880.0,1.0,puts
1736,630.0,1.0,puts
1737,885.0,1.0,puts
1738,625.0,1.0,puts
1739,890.0,1.0,puts
1740,620.0,1.0,puts
1741,895.0,1.0,puts
1742,615.0,1.0,puts
1743,900.0,1.0,puts
1744,610.0,1.0,puts
1745,905.0,1.0,puts
1746,605.0,1.0,puts
1747,910.0,1.0,puts
1748,600.0,1.0,puts
1749,915.0,1.0,puts
1750,595.0,1.0,puts
1751,920.0,1.0,puts
1752,590.0,1.0,puts
1753,925.0,1.0,puts
1754,585.0,1.0,puts
1755,930.0,1.0,puts
1756,580.0,1.0,puts
1757,935.0,1.0,puts
1758,575.0,1.0,puts
1759,940.0,1.0,puts
1760,570.0,1.0,puts
1761,945.0,1.0,puts
1762,565.0,1.0,puts
1763,950.0,1.0,puts
1764,560.0,1.0,puts
1765,555.0,1.0,puts
1766,550.0,1.0,puts
1767,545.0,1.0,puts
1768,540.0,1.0,puts
1769,535.0,1.0,puts
1770,530.0,1.0,puts
1771,525.0,1.0,puts
1772,520.0,1.0,puts
1773,515.0,1.0,puts
1774,510.0,1.0,puts
1775,505.0,1.0,puts
1776,500.0,1.0,puts
1777,756.0,987.0,puts
1778,757.0,1146.0,puts
1779,755.0,19355.0,puts
1780,758.0,1165.0,puts
1781,754.0,4065.0,puts
1782,759.0,1256.0,puts
1783,753.0,1005.0,puts
1784,760.0,31395.0,puts
1785,752.0,796.0,puts
1786,761.0,720.0,puts
1787,751.0,893.0,puts
1788,762.0,905.0,puts
1789,750.0,2332.0,puts
1790,763.0,765.0,puts
1791,749.0,1300.0,puts
1792,764.0,4836.0,puts
1793,748.0,614.0,puts
1794,765.0,2510.0,puts
1795,747.0,537.0,puts
1796,766.0,925.0,puts
1797,746.0,795.0,puts
1798,767.0,818.0,puts
1799,745.0,2292.0,puts
1800,768.0,1940.0,puts
1801,744.0,687.0,puts
1802,769.0,381.0,puts
1803,743.0,906.0,puts
1804,770.0,3114.0,puts
1805,742.0,1397.0,puts
1806,771.0,711.0,puts
1807,741.0,1482.0,puts
1808,772.0,324.0,puts
1809,740.0,3042.0,puts
1810,773.0,499.0,puts
1811,739.0,1505.0,puts
1812,774.0,278.0,puts
1813,738.0,688.0,puts
1814,775.0,2304.0,puts
1815,737.0,782.0,puts
1816,776.0,465.0,puts
1817,736.0,710.0,puts
1818,777.0,461.0,puts
1819,735.0,1598.0,puts
1820,778.0,871.0,puts
1821,734.0,692.0,puts
1822,779.0,484.0,puts
1823,733.0,630.0,puts
1824,780.0,2481.0,puts
1825,732.0,3733.0,puts
1826,781.0,1792.0,puts
1827,731.0,418.0,puts
1828,782.0,820.0,puts
1829,730.0,1237.0,puts
1830,783.0,300.0,puts
1831,729.0,151.0,puts
1832,784.0,283.0,puts
1833,728.0,165.0,puts
1834,785.0,2032.0,puts
1835,727.0,165.0,puts
1836,786.0,1184.0,puts
1837,726.0,268.0,puts
1838,787.0,107.0,puts
1839,725.0,800.0,puts
1840,788.0,155.0,puts
1841,724.0,321.0,puts
1842,789.0,511.0,puts
1843,723.0,184.0,puts
1844,790.0,1677.0,puts
1845,722.0,314.0,puts
1846,791.0,110.0,puts
1847,721.0,210.0,puts
1848,792.0,228.0,puts
1849,720.0,806.0,puts
1850,793.0,140.0,puts
1851,719.0,118.0,puts
1852,794.0,102.0,puts
1853,718.0,400.0,puts
1854,795.0,546.0,puts
1855,717.0,141.0,puts
1856,796.0,100.0,puts
1857,716.0,445.0,puts
1858,797.0,1.0,puts
1859,715.0,318.0,puts
1860,798.0,1.0,puts
1861,714.0,38.0,puts
1862,799.0,100.0,puts
1863,713.0,47.0,puts
1864,800.0,1538.0,puts
1865,712.0,141.0,puts
1866,711.0,26.0,puts
1867,710.0,891.0,puts
1868,709.0,17.0,puts
1869,708.0,25.0,puts
1870,805.0,1330.0,puts
1871,707.0,13.0,puts
1872,706.0,34.0,puts
1873,705.0,93.0,puts
1874,704.0,33.0,puts
1875,703.0,9.0,puts
1876,810.0,2277.0,puts
1877,702.0,35.0,puts
1878,701.0,2.0,puts
1879,700.0,2775.0,puts
1880,699.0,4.0,puts
1881,698.0,6.0,puts
1882,815.0,363.0,puts
1883,697.0,31.0,puts
1884,696.0,29.0,puts
1885,695.0,91.0,puts
1886,694.0,7.0,puts
1887,693.0,10.0,puts
1888,820.0,313.0,puts
1889,692.0,14.0,puts
1890,691.0,65.0,puts
1891,690.0,406.0,puts
1892,689.0,20.0,puts
1893,688.0,27.0,puts
1894,825.0,255.0,puts
1895,687.0,8.0,puts
1896,686.0,4.0,puts
1897,685.0,26.0,puts
1898,684.0,8.0,puts
1899,683.0,3.0,puts
1900,830.0,177.0,puts
1901,682.0,21.0,puts
1902,681.0,42.0,puts
1903,680.0,12133.0,puts
1904,679.0,4.0,puts
1905,678.0,2.0,puts
1906,835.0,559.0,puts
1907,677.0,5.0,puts
1908,676.0,3.0,puts
1909,675.0,53.0,puts
1910,840.0,72.0,puts
1911,670.0,31.0,puts
1912,845.0,485.0,puts
1913,665.0,168.0,puts
1914,850.0,1652.0,puts
1915,660.0,8.0,puts
1916,855.0,313.0,puts
1917,655.0,4.0,puts
1918,860.0,569.0,puts
1919,650.0,38.0,puts
1920,865.0,502.0,puts
1921,645.0,23.0,puts
1922,870.0,6007.0,puts
1923,640.0,3.0,puts
1924,875.0,202.0,puts
1925,635.0,18.0,puts
1926,880.0,7859.0,puts
1927,630.0,2.0,puts
1928,885.0,1646.0,puts
1929,625.0,4.0,puts
1930,890.0,1468.0,puts
1931,620.0,1.0,puts
1932,895.0,325.0,puts
1933,615.0,3.0,puts
1934,900.0,196.0,puts
1935,610.0,9.0,puts
1936,605.0,1.0,puts
1937,600.0,4.0,puts
1938,595.0,5.0,puts
1939,590.0,1.0,puts
1940,585.0,1.0,puts
1941,580.0,2.0,puts
1942,575.0,1.0,puts
1943,570.0,1.0,puts
1944,565.0,1.0,puts
1945,560.0,1.0,puts
1946,555.0,1.0,puts
1947,550.0,1.0,puts
1948,545.0,1.0,puts
1949,540.0,1.0,puts
1950,535.0,1.0,puts
1951,530.0,1.0,puts
1952,525.0,3.0,puts
1953,520.0,1.0,puts
1954,515.0,1.0,puts
1955,510.0,1.0,puts
1956,505.0,1.0,puts
1957,500.0,1.0,puts
1958,495.0,1.0,puts
1959,490.0,2.0,puts
1960,485.0,1.0,puts
1961,480.0,1.0,puts
1962,475.0,1.0,puts
1963,470.0,1.0,puts
1964,465.0,2.0,puts
1965,460.0,1.0,puts
1966,455.0,1.0,puts
1967,450.0,1.0,puts
1968,445.0,1.0,puts
1969,440.0,32.0,puts
1970,435.0,2.0,puts
1971,430.0,1.0,puts
1972,425.0,1.0,puts
1973,420.0,1.0,puts
1974,415.0,1.0,puts
1975,410.0,1.0,puts
1976,405.0,1.0,puts
1977,400.0,1.0,puts
1978,756.0,662.0,puts
1979,757.0,237.0,puts
1980,755.0,28015.0,puts
1981,758.0,336.0,puts
1982,754.0,1162.0,puts
1983,759.0,207.0,puts
1984,753.0,2104.0,puts
1985,760.0,3294.0,puts
1986,752.0,2475.0,puts
1987,761.0,263.0,puts
1988,751.0,1425.0,puts
1989,762.0,188.0,puts
1990,750.0,8282.0,puts
1991,763.0,203.0,puts
1992,749.0,1551.0,puts
1993,764.0,546.0,puts
1994,748.0,209.0,puts
1995,765.0,1331.0,puts
1996,747.0,391.0,puts
1997,766.0,267.0,puts
1998,746.0,360.0,puts
1999,767.0,760.0,puts
